{"cameraMode":{"drawMode":0,"name":"Shaded","section":"Shading Mode"},"sceneLighting":true,"audioPlay":false,"sceneViewState":{"showFog":true,"showMaterialUpdate":false,"showSkybox":true,"showFlares":true,"showImageEffects":true,"showParticleSystems":true},"in2DMode":false,"pivot":{"x":0.9747011661529541,"y":-1.1073973178863526,"z":1.208975076675415},"rotation":{"x":-0.3442663848400116,"y":-0.42821359634399416,"z":0.18064698576927186,"w":-0.8158525824546814},"size":8.571125030517579,"orthographic":false}