{"cameraMode":{"drawMode":0,"name":"Shaded","section":"Shading Mode"},"sceneLighting":true,"audioPlay":false,"sceneViewState":{"showFog":true,"showMaterialUpdate":false,"showSkybox":true,"showFlares":true,"showImageEffects":true,"showParticleSystems":true},"in2DMode":false,"pivot":{"x":8.964599609375,"y":3.274663209915161,"z":21.344736099243165},"rotation":{"x":-0.15898163616657258,"y":-0.544971227645874,"z":0.10604774951934815,"w":-0.8164149522781372},"size":10.1505708694458,"orthographic":false}